Site,No,Type,MXL,MXW,MXT,TCSA,UseWare,3D,EFA,Area(áuÅj,Verts,file name:EFA
TK,25,KN,105.7,27.5,10.9,149.875,KN,ÅZ,ÅZ,0.005055975,510812,d_106TKKN_25
TK,96,KN,90.6,25.4,5.2,66.04,KNIF,ÅZ,ÅZ,0.004021909,549962,d_159TKKN_F10-96
TK,108,KN,70.1,22.2,6.6,73.26,KN,ÅZ,ÅZ,0.002619412,345168,
TK,165,KN,100.3,30.2,8.4,126.84,KN,ÅZ,ÅZ,0.004708389,480936,
TK,181,KN,106.1,28.1,8.3,116.615,KNIF,ÅZ,ÅZ,0.004285903,425972,d_125TKKN_F3-181
TK,226,KN,101,17.3,5.8,50.17,KNIF,ÅZ,ÅZ,0.003052828,301008,d_129TKKN_F7-226
TK,233,KN,133.2,45.1,12.3,277.365,KNIF,ÅZ,ÅZ,0.00812613,855230,d_126TKKN_F1-233
TK,241,KN,102.8,20.4,7.2,73.44,KNB,ÅZ,ÅZ,0.003417228,329079,d_A123TKKN_A1-241
TK,273,KN,161.2,28.1,12.3,172.815,KNIF,ÅZ,ÅZ,0.007977588,820711,d_156-2TKKN_F9-273
TK,315,KN,100.2,29.2,8.2,119.72,KN,ÅZ,ÅZ,0.004802852,439426,d_160TKKN_F11-315
TK,395,KN,125.9,36.8,10.2,187.68,KNIF,ÅZ,ÅZ,0.007203634,658012,d_124TKKN_F2-395
TK,433,KN,106.6,30.4,7.3,110.96,KN,ÅZ,ÅZ,0.005030124,440714,d_110TKKN_433
TK,498,KN,114.3,45.6,10.3,234.84,KN,ÅZ,ÅZ,0.006685895,604750,d_103TKKN_5-498
TK,548,KN,156,38.1,12.4,236.22,KNB,ÅZ,ÅZ,0.010454073,997734,d_A112TKKN_A2-548
TK,573,KN,84.1,21.8,8.2,89.38,KN,ÅZ,ÅZ,0.003505182,369384,
TK,655,KN,99.6,18.3,8.7,79.605,KNIF,ÅZ,ÅZ,0.003481406,328150,d_130TKKN_F8-655
TK,687,KN,92.6,22.1,5.3,58.565,KN,ÅZ,ÅZ,0.003482492,319642,d_120TKKN_687
TK,764,KN,101.9,18.3,6,54.9,KNIF,ÅZ,ÅZ,0.00332081,364076,d_127TKKN_F5-764
TK,768,KN,88.1,16.1,5.7,45.885,KN,ÅZ,ÅZ,0.002702519,266216,d_118TKKN_768
TK,868,KN,92.1,16.1,6.8,54.74,KNIF,ÅZ,ÅZ,0.002499106,241271,d_128TKKN_F6-868
TK,1099,KN,75.9,30,5.5,82.5,KN,ÅZ,ÅZ,0.003302248,291227,
TK,1100,KN,131,9.8,4.9,24.01,KN,ÅZ,ÅZ,0.004010009,420281,d_121TKKN_1100
TK,1115,KN,81.1,26.1,8.7,113.535,KN,ÅZ,ÅZ,0.003320979,300705,d_122TKKN_1115
TK,1468,KN,115.9,35.9,10.1,181.295,KN,ÅZ,ÅZ,0.008356014,860211,d_119TKKN_1468
TK,1727,KN,98.5,24.6,7.2,88.56,KN,,ÅZ,,,d_105TKKN_1727
TK,1779,KN,112.8,28.5,8.9,126.825,KN,ÅZ,ÅZ,0.005260154,523192,d_104TKKN_1779
TK,1848,KN,115.9,35.9,10.1,181.295,KN,ÅZ,ÅZ,0.007060542,726372,d_115TKKN_1848
TK,1878,KN,73.4,24,6,72,KN,ÅZ,ÅZ,0.002617556,253444,
TK,14,BL,190.5,51.6,13.7,353.46,BL,,ÅZ,,,b_56TKbL_14
TK,15,BL,79.8,25.2,11.4,143.64,BL,,ÅZ,,,b_57TKbL_15
TK,31,BL,34,22.2,7.2,79.92,BL,,,,,
TK,49,BL,50.5,29.5,9,132.75,BL,,,,,
TK,105,BL,66.1,29.7,7.3,108.405,BL,,,,,
TK,115,BL,127.9,41.2,13.7,282.22,BL,,ÅZ,,,b_58TKbL_115
TK,117,BL,66.8,33.4,7.5,125.25,BL,,,,,
TK,154,BL,44.9,21.9,10.2,111.69,BL,,,,,
TK,163,BL,84.9,25.8,7.9,101.91,BL,,ÅZ,,,b_59TKbL_163
TK,168,BL,124.2,50.3,12.6,316.89,BL,,ÅZ,,,b_60TKbL_168
TK,170,BL,100.5,32.1,7.4,118.77,BL,,,,,
TK,191,BL,105.9,44.3,12.1,268.015,BL,,,,,
TK,196,BL,152.4,34.4,12.7,218.44,BL,,ÅZ,,,b_61TKbL_196
TK,210,BL,91.7,25.6,11.3,144.64,BL,,,,,
TK,213,BL,85.9,37.4,4.8,89.76,BL,,,,,
TK,218,BL,81.9,27,8.1,109.35,BL,,ÅZ,,,b_62TKbL_218
TK,219,BL,141.4,38.6,14.3,275.99,BL,,ÅZ,,,b_63TKbL_219
TK,220,BL,110.8,29.6,7.7,113.96,BL,,ÅZ,,,b_64TKbL_220
TK,227,BL,77.9,37.8,13.5,255.15,BL,,,,,
TK,229,BL,111,34.2,8.5,145.35,BL,,ÅZ,,,b_65TKbL_229
TK,242,BL,113.6,23.1,8.8,101.64,BL,,,,,
TK,266,BL,99.1,27.7,8.7,120.495,BL,,ÅZ,,,b_66TKbL_266
TK,275,BL,109.5,30.1,10.6,159.53,BL,,ÅZ,,,b_67TKbL_275
TK,284,BL,75.9,26.2,6.9,90.39,BL,,,,,
TK,286,BL,148.3,45.5,11.3,257.075,BL,,ÅZ,,,b_68TKbL_286
TK,287,BL,129.8,36.2,8,144.8,BL,,ÅZ,,,b_69TKbL_287
TK,290,BL,115.4,32.5,8.1,131.625,BL,,ÅZ,,,b_70TKbL_290
TK,302,BL,95,33.1,8.8,145.64,BL,,,,,
TK,310,BL,115.3,38.1,9.7,184.785,BL,,ÅZ,,,b_71TKbL_310
TK,326,BL,72.6,28.7,6.5,93.275,BL,,,,,
TK,347,BL,31.1,12.1,4.3,26.015,BL,,,,,
TK,372,BL,106,27.9,12.4,172.98,BL,,ÅZ,,,b_72TKbL_372
TK,397,BL,90.1,43.7,14.8,323.38,BL,,,,,
TK,401,BL,137.9,32.8,7.7,126.28,BL,,ÅZ,,,b_73TKbL_401
TK,407,BL,111.2,33.1,6.8,112.54,BL,,ÅZ,,,b_74TKbL_407
TK,420,BL,113.7,24.6,7,86.1,BL,,ÅZ,,,b_75TKbL_420
TK,427,BL,55.4,32.1,5.5,88.275,BL,,,,,
TK,455,BL,88.4,33.7,13.3,224.105,BL,,ÅZ,,,b_76TKbL_455
TK,457,BL,68.9,17.3,6.8,58.82,BL,,,,,
TK,460,BL,63.8,20.9,5.2,54.34,BL,,,,,
TK,490,BL,120.3,32.2,9.6,154.56,BL,,ÅZ,,,b_77TKbL_490
TK,507,BL,161.5,35.4,11.6,205.32,BL,,ÅZ,,,b_78TKbL_507
TK,509,BL,107.1,32.1,9.2,147.66,BL,,ÅZ,,,b_79TKbL_509
TK,510,BL,111.6,44.1,8.9,196.245,BL,,ÅZ,,,b_80TKbL_510
TK,511,BL,83.2,29.2,9.6,140.16,BL,,ÅZ,,,b_81TKbL_511
TK,515,BL,87.1,24.3,10.3,125.145,BL,,ÅZ,,,b_82TKbL_516
TK,522,BL,135.1,33.4,18.3,305.61,BL,,ÅZ,,,b_83TKbL_522
TK,523,BL,88.6,31.2,11.4,177.84,BL,,ÅZ,,,b_84TKbL_523
TK,528,BL,71.8,26.5,7.1,94.075,BL,,,,,
TK,530,BL,98.8,29.2,9.8,143.08,BL,,ÅZ,,,b_85TKbL_530
TK,549,BL,102.8,39.6,11.1,219.78,BL,,ÅZ,,,b_86TKbL_549
TK,550,BL,111,31.4,12.7,199.39,BL,,ÅZ,,,b_87TKbL_550
TK,560,BL,126.1,53,14.1,373.65,BL,,ÅZ,,,b_89TKbL_612
TK,599,BL,99.5,29.4,7.9,116.13,BL,,ÅZ,,,b_88TKbL_599
TK,612,BL,136.7,42.3,11.1,234.765,BL,,,,,
TK,702,BL,86.4,30.2,9.1,137.41,BL,,ÅZ,,,b_90TKbL_702
TK,749,BL,138.1,42.6,18.8,400.44,BL,,ÅZ,,,b_91TKbL_749
TK,763,BL,141.1,48.1,15.4,370.37,BL,,ÅZ,,,b_92TKbL_763
TK,765,BL,124.2,27.2,8.4,114.24,BL,,ÅZ,,,b_93TKbL_765
TK,806,BL,102.6,21.6,10.9,117.72,BL,,,,,
TK,827,BL,150.4,41.8,13.9,290.51,BL,,ÅZ,,,b_94TKbL_827
TK,1000,BL,83.5,33.9,14.2,240.69,BL,,ÅZ,,,b_95TKbL_1000
TK,1183,BL,79.7,26.6,6.9,91.77,BL,,ÅZ,,,b_96TKbL_1183
TK,1206,BL,84.4,24.2,10.2,123.42,BL,,,,,
TK,1243,BL,62.2,29.2,5.9,86.14,BL,,,,,
TK,1280,BL,101.3,24.3,10.8,131.22,BL,,,,,
TK,1294,BL,125,51.6,19.1,492.78,BL,,,,,
TK,1308,BL,107.8,28.47,10.3,146.6205,BL,,,,,
TK,1588,BL,65.8,17.8,8.8,78.32,BL,,,,,
TK,1605,BL,121.9,43.8,15.4,337.26,BL,,ÅZ,,,b_97TKbL_1605
TK,1615,BL,93.8,30.2,9.3,140.43,BL,,ÅZ,,,b_98TKbL_1615
TK,1617,BL,71.4,25.1,9.4,117.97,BL,,,,,
TK,1697,BL,94.4,24.4,5.1,62.22,BL,,ÅZ,,,b_99TKbL_1697
TK,1726,BL,99.2,27.8,9.2,127.88,BL,,,,,
TK,1769,BL,112.1,28.4,6.8,96.56,BL,,,,,
TK,1777,BL,92.9,26.8,8.7,116.58,BL,,ÅZ,,,b_100TKbL_1777
TK,1847,BL,69.8,21.5,5.5,59.125,BL,,,,,
TK,1867,BL,90.8,25.1,10.8,135.54,BL,,,,,
TK,1894,BL,75.6,23.6,8.9,105.02,BL,,ÅZ,,,b_101TKbL_1894
TK,1905,BL,100.4,30.2,13.3,200.83,BL,,ÅZ,,,b_102TKbL_1905
TK,18,ES,94.7,30.8,8.4,129.36,ESA,,ÅZ,,,a_A01TKES-A18
TK,19,ES,103.9,35.4,8.1,143.37,ESA,,ÅZ,,,a_A02TKES-A19
TK,200,ES,93.4,25.6,7.5,96,ESA,,ÅZ,,,a_A05TKES-A200
TK,205,ES,113.3,24.5,7.9,96.775,ESA,,ÅZ,,,a_A06TKES-A205
TK,214,ES,71.2,39.2,14.9,292.04,ES,,ÅZ,,,a_07TKES-214
TK,230,ES,74.8,33.5,10.1,169.175,ES,,ÅZ,,,a_08TKES-230
TK,322,ES,89,28,12,168,ESA,,ÅZ,,,a_A09TKES-A322
TK,344,ES,106.8,33.7,11.1,187.035,ES,,ÅZ,,,a_10TKES-344
TK,346,ES,94.1,38.5,12.4,238.7,ESA,,ÅZ,,,a_A11TKES-346
TK,351,ES,125.5,41.4,14.4,298.08,ESA,,ÅZ,,,a_A12TKES-A351
TK,389,ES,105.9,32.8,8.7,142.68,ES,,ÅZ,,,a_13TKES-389
TK,424,ES,78,39.9,8.9,177.555,ESA,,ÅZ,,,a_A14TKES-424
TK,444,ES,107.9,27.2,8.1,110.16,ES,,ÅZ,,,a_15TKES-444
TK,505,ES,86.6,41.8,11,229.9,ESA,,ÅZ,,,a_A17TKES-505
TK,513,ES,84.5,35.9,10.5,188.475,ES,,ÅZ,,,a_18TKES-513
TK,525,ES,98.6,33.9,11.1,188.145,ES,,ÅZ,,,a_19TKES-525
TK,532,ES,82.6,30.5,7.1,108.275,ESA,,ÅZ,,,a_A20TKES-532
TK,541,ES,60.8,36.7,13.4,245.89,ESA,,ÅZ,,,a_A21TKES-541
TK,557,ES,106.5,31.8,9.7,154.23,ESA,,ÅZ,,,a_A22TKES-557
TK,559,ES,95.9,30.6,12.6,192.78,ES,,ÅZ,,,a_23TKES-559
TK,591,ES,52.2,38.7,7.4,143.19,ES,,ÅZ,,,a_24TKES-591
TK,618,ES,79.4,25.5,6.9,87.975,ESA,,ÅZ,,,a_A25TKES-618
TK,619,ES,78.3,47,19.2,451.2,ESA,,ÅZ,,,a_A26TKES-619
TK,667,ES,80.9,28.9,18.4,265.88,ES,,ÅZ,,,a_27TKES-667
TK,675,ES,90.8,42.1,13.2,277.86,ESA,,ÅZ,,,a_A28TKES-675
TK,699,ES,81.8,31.5,16.9,266.175,ESA,,ÅZ,,,a_A29TKES-699
TK,717,ES,55.4,23.4,13.2,154.44,ESA,,ÅZ,,,a_A30TKES-717
TK,767,ES,75.9,48.9,20.5,501.225,ESA,,ÅZ,,,a_A32TKES-767
TK,770,ES,74,41,10.5,215.25,ESA,,ÅZ,,,a_A33TKES-770
TK,785,ES,76.5,30.5,9.9,150.975,ES,,ÅZ,,,a_34TKES-785
TK,815,ES,103.6,54.1,10.7,289.435,ESA,,ÅZ,,,a_A35TKES-815
TK,854,ES,86.7,27.8,10.2,141.78,ES,,ÅZ,,,a_36TKES-854
TK,887,ES,96.1,29,17.9,259.55,ES,,ÅZ,,,a_37TKES-887
TK,1252,ES,65.9,35.1,10.9,191.295,ES,,ÅZ,,,a_38TKES-1252
TK,1290,ES,111.9,37.3,16.6,309.59,ES,,ÅZ,,,a_42TKES-1290
TK,1302,ES,87.6,29.8,8.2,122.18,ESA,,ÅZ,,,a_A40TKES-1302
TK,1305,ES,107.2,28.8,11.2,161.28,ESA,,ÅZ,,,a_A41TKES-1305
TK,1345,ES,97.6,31.1,12.5,194.375,ES,,ÅZ,,,a_39TKES-1345
TK,1434,ES,90.8,23.8,8.1,96.39,ES,,ÅZ,,,a_43TKES-1434
TK,1447,ES,130.4,40.1,13.2,264.66,ESA,,ÅZ,,,a_A44TKES-1447
TK,1457,ES,67.9,37.6,9.8,184.24,ES,,ÅZ,,,a_45TKES-1457
TK,1501,ES,76.7,38.3,18.2,348.53,ES,,ÅZ,,,a_46TKES-1501
TK,1591,ES,114.1,34.1,11.7,199.485,ESA,,ÅZ,,,a_A47TKES-1591
TK,1594,ES,110.4,30.5,10.7,163.175,ESA,,ÅZ,,,a_A48TKES-1594
TK,1626,ES,62.3,39.1,10,195.5,ESA,,ÅZ,,,a_A49TKES-1626
TK,1629,ES,118.9,33,10.2,168.3,ESA,,ÅZ,,,a_A50TKES-1629
TK,1691,ES,83.4,27.1,12.1,163.955,ESA,,ÅZ,,,a_A51TKES-1691
TK,1767,ES,88.5,35,6.6,115.5,ES,,ÅZ,,,a_52TKES-1767
TK,1906,ES,85,34.1,8.3,141.515,ES,,ÅZ,,,a_53TKES-1906
TK,1970,ES,101,26.2,10.2,133.62,ESA,,ÅZ,,,a_A54TKES-1970
TK,2004,ES,72.2,35.7,10.3,183.855,ES,,ÅZ,,,a_55TKES-2004
OM,2006,KN,65,35,9,157.5,KN,,,,,
OM,3297,KN,74,28,7,98,KN,,,,,
OM,2918,KN,147,42,17,357,KN,,,,,
OM,2772,KN,143,59,24,708,KN,,,,,
OM,1,KN,80,20,7,70,KN,,,,,
OM,2,KN,124,29,13,188.5,KN,,,,,
OM,3,KN,65,23,7,80.5,KN,,,,,
OM,4,KN,32,17,7,59.5,KN,,,,,
OM,5,KN,91,29,11,159.5,KN,,,,,
OM,116,BL,69,21,9,94.5,BL,,,,,
OM,134,BL,85,27,15,202.5,BL,,,,,
OM,65,BL,92,39,8,156,BL,,,,,
OM,125,BL,76,32,11,176,BL,,,,,
OM,22,BL,73,34,12,204,BL,,,,,
OM,103,BL,70,30,8,120,BL,,,,,
OM,50,BL,135,40,17,340,BL,,,,,
OM,594,BL,82,33,11,181.5,BL,,,,,
OM,373,BL,100,43,12,258,BL,,,,,
OM,69,BL,73,40,8,160,BL,,,,,
OM,64,BL,103,54,14,378,BL,,,,,
OM,394,BL,88,43,10,215,BL,,,,,
OM,399,BL,70,40,11,220,BL,,,,,
OM,61,BL,99,51,10,255,BL,,,,,
OM,59,BL,80,29,12,174,BL,,,,,
OM,60,BL,84,31,10,155,BL,,,,,
OM,380,BL,69,20,8,80,BL,,,,,
OM,589,BL,83,38,16,304,BL,,,,,
OM,43,BL,106,62,17,527,BL,,,,,
OM,56,BL,132,56,32,896,BL,,,,,
OM,57,BL,168,51,26,663,BL,,,,,
OM,571,BL,89,32,8,128,BL,,,,,
OM,88G,BL,180,47,23,540.5,BL,,,,,
OM,71,BL,161,65,18,585,BL,,,,,
OM,77G,BL,160,43,14,301,BL,,,,,
OM,82,BL,124,52,24,624,BL,,,,,
OM,86,BL,175,50,17,425,BL,,,,,
OM,570,BL,130,50,18,450,BL,,,,,
OM,564,BL,86,46,15,345,BL,,,,,
OM,76,BL,156,66,18,594,BL,,,,,
OM,75,BL,79,37,8,148,BL,,,,,
OM,169,BL,115,35,15,262.5,BL,,,,,
OM,79,BL,114,52,17,442,BL,,,,,
OM,407,BL,98,44,15,330,BL,,,,,
OM,582,BL,63,30,7,105,BL,,,,,
OM,27g,BL,113,43,12,258,BL,,,,,
OM,410,BL,95,42,16,336,BL,,,,,
OM,265,BL,55,18,6,54,BL,,,,,
OM,324,BL,61,25,9,112.5,BL,,,,,
OM,12Çá,BL,129,51,17,433.5,BL,,,,,
OM,49,BL,132,63,15,472.5,BL,,,,,
OM,12,BL,121,48,15,360,BL,,,,,
OM,48,BL,129,52,22,572,BL,,,,,
OM,156,BL,94,45,22,495,BL,,,,,
OM,1097,BL,141,53,39,1033.5,BL,,,,,
OM,1092,BL,108,49,25,612.5,BL,,,,,
OM,1234,BL,86,33,8,132,BL,,,,,
OM,3003,BL,71,31,16,248,BL,,,,,
OM,1477,BL,81,26,15,195,BL,,,,,
OM,TP5,BL,68,24,10,120,BL,,,,,
OM,2840,BL,126,57,16,456,BL,,,,,
OM,3320,BL,95,33,8,132,BL,,,,,
OM,6997,BL,148,41,17,348.5,BL,,,,,
OM,7811,BL,94,36,9,162,BL,,,,,
OM,3035,BL,130,49,19,465.5,BL,,,,,
OM,4816,BL,92,16,11,88,BL,,,,,
OM,3194,BL,99,27,18,243,BL,,,,,
OM,TP5-15 ,BL,79,35,12,210,BL,,,,,
OM,3257,BL,67,30,8,120,BL,,,,,
OM,4621,BL,94,30,30,450,BL,,,,,
OM,3249,BL,116,46,15,345,BL,,,,,
OM,TP5-27,BL,135,46,13,299,BL,,,,,
OM,5271,BL,111,38,16,304,BL,,,,,
OM,TP5-89,BL,84,31,6,93,BL,,,,,
OM,4585,BL,83,11,31,170.5,BL,,,,,
OM,6213,BL,125,43,14,301,BL,,,,,
OM,TP5-40,BL,135,48,12,288,BL,,,,,
OM,3144,BL,50,21,9,94.5,BL,,,,,
OM,4746,BL,60,21,7,73.5,BL,,,,,
OM,4637,BL,157,57,19,541.5,BL,,,,,
OM,2906,BL,95,41,15,307.5,BL,,,,,
OM,TP5-138,BL,84,25,7,87.5,BL,,,,,
OM,TP5-60,BL,121,34,11,187,BL,,,,,
OM,2891,BL,127,61,20,610,BL,,,,,
OM,TP5-123,BL,73,22,8,88,BL,,,,,
OM,3636,BL,93,33,9,148.5,BL,,,,,
OM,TP5-52,BL,156,75,20,750,BL,,,,,
OM,4465,BL,110,40,17,340,BL,,,,,
OM,3060,BL,112,42,14,294,BL,,,,,
OM,3671,BL,113,44,11,242,BL,,,,,
OM,5477,BL,95,37,8,148,BL,,,,,
OM,6031,BL,30,31,9,139.5,BL,,,,,
OM,2,BL,158,47,14,329,BL,,ÅZ,,,J16-2
OM,4,BL,95,28,10,140,BL,,ÅZ,,,G16-4
OM,4,BL,96,36,4,72,BL,,ÅZ,,,J15-4
OM,6,BL,78,31,8,124,BL,,ÅZ,,,K12-6
OM,6,BL,97,30,10,150,BL,,ÅZ,,,K16-6
OM,7,BL,84,27,10,135,BL,,ÅZ,,,I17-7
OM,11,BL,113,30,15,225,BL,,ÅZ,,,I15-11
OM,13,BL,84,40,7,140,BL,,ÅZ,,,K12-13
OM,21,BL,89,24,6,72,BL,,ÅZ,,,I15-21
OM,22,BL,78,27,7,94.5,BL,,ÅZ,,,I15-22
OM,22,BL,108,38,15,285,BL,,ÅZ,,,G16-22
OM,33,BL,107,42,13,273,BL,,ÅZ,,,I20-33
OM,34,BL,106,21,9,94.5,BL,,ÅZ,,,K12-34
OM,38,BL,122,34,17,289,BL,,ÅZ,,,K16-38
OM,38,BL,114,38,12,228,BL,,ÅZ,,,G16-38
OM,42,BL,68,26,10,130,BL,,ÅZ,,,I17-42
OM,43,BL,84,22,8,88,BL,,ÅZ,,,K17-43
OM,49,BL,117,39,19,370.5,BL,,ÅZ,,,I18-49
OM,50,BL,105,25,13,162.5,BL,,ÅZ,,,I16-50
OM,53,BL,156,31,15,232.5,BL,,ÅZ,,,I17-53
OM,55,BL,102,32,10,160,BL,,ÅZ,,,K14-55
OM,57,BL,76,19,5,47.5,BL,,ÅZ,,,I16-57
OM,59,BL,120,34,12,204,BL,,ÅZ,,,K14-59
OM,70,BL,75,19,6,57,BL,,ÅZ,,,K14-70
OM,74,BL,76,25,7,87.5,BL,,ÅZ,,,K17-74
OM,88,BL,113,24,13,156,BL,,ÅZ,,,I17-88
OM,90,BL,130,39,11,214.5,BL,,ÅZ,,,I18-90
OM,90,BL,88,32,7,112,BL,,ÅZ,,,I17-90
OM,98,BL,85,21,12,126,BL,,ÅZ,,,I17-98
OM,110,BL,70,15,7,52.5,BL,,ÅZ,,,I17-110
OM,115,BL,150,44,14,308,BL,,ÅZ,,,I16-115
OM,118,BL,91,40,8,160,BL,,ÅZ,,,I18-118
OM,124,BL,110,31,9,139.5,BL,,ÅZ,,,L16-124
OM,125,BL,80,22,4,44,BL,,ÅZ,,,L16-125
OM,127,BL,82,22,13,143,BL,,ÅZ,,,L16-127
OM,130,BL,78,17,7,59.5,BL,,ÅZ,,,I17-130
OM,134,BL,90,24,13,156,BL,,ÅZ,,,I18-134
OM,137,BL,94,38,7,133,BL,,ÅZ,,,K17-137
OM,138,BL,93,40,10,200,BL,,ÅZ,,,I18-138
OM,144,BL,171,57,31,883.5,BL,,ÅZ,,,K17-144
OM,144,BL,91,28,6,84,BL,,ÅZ,,,L17-144
OM,149,BL,120,36,11,198,BL,,ÅZ,,,J18-149
OM,152,BL,133,40,19,380,BL,,ÅZ,,,I18-152
OM,153,BL,143,41,16,328,BL,,ÅZ,,,I18-153
OM,154,BL,74,25,6,75,BL,,ÅZ,,,K20-154
OM,168,BL,152,35,15,262.5,BL,,ÅZ,,,I18-168
OM,170,BL,87,25,9,112.5,BL,,ÅZ,,,L16-170
OM,179,BL,75,27,8,108,BL,,ÅZ,,,K17-179
OM,187,BL,121,34,10,170,BL,,ÅZ,,,K20-187
OM,196,BL,65,17,4,34,BL,,ÅZ,,,L16-196
OM,197,BL,68,21,8,84,BL,,ÅZ,,,K17-197
OM,201,BL,96,25,6,75,BL,,ÅZ,,,L16-201
OM,206,BL,68,27,7,94.5,BL,,ÅZ,,,L18-206
OM,206,BL,59,18,5,45,BL,,ÅZ,,,L17-206
OM,208,BL,211,56,20,560,BL,,ÅZ,,,K16-208
OM,224,BL,96,28,4,56,BL,,ÅZ,,,L15-224
OM,248,BL,85,29,10,145,BL,,ÅZ,,,L17-248
OM,250,BL,147,40,10,200,BL,,ÅZ,,,J18-250
OM,258,BL,82,33,9,148.5,BL,,ÅZ,,,L17-258
OM,268,BL,102,25,10,125,BL,,ÅZ,,,J17-268
OM,285,BL,93,31,18,279,BL,,ÅZ,,,L16-285
OM,287,BL,124,26,16,208,BL,,ÅZ,,,L15-287
OM,293,BL,120,31,10,155,BL,,ÅZ,,,L17-293
OM,293,BL,110,43,8,172,BL,,ÅZ,,,L16-293
OM,311,BL,176,55,15,412.5,BL,,ÅZ,,,K18-311
OM,311,BL,115,41,14,287,BL,,ÅZ,,,L16-311
OM,312,BL,139,32,12,192,BL,,ÅZ,,,K18-312
OM,313,BL,165,35,15,262.5,BL,,ÅZ,,,J17-313
OM,327,BL,169,43,14,301,BL,,ÅZ,,,K18-327
OM,335,BL,106,30,9,135,BL,,ÅZ,,,K18-335
OM,362,BL,71,24,8,96,BL,,ÅZ,,,J19-362
OM,366,BL,76,21,7,73.5,BL,,ÅZ,,,J17-366
OM,381,BL,65,26,8,104,BL,,ÅZ,,,J17-381
OM,390,BL,101,26,4,52,BL,,ÅZ,,,J18-390
OM,422,BL,117,34,13,221,BL,,ÅZ,,,K18-422
OM,431,BL,51,25,6,75,BL,,ÅZ,,,L17-431
OM,457,BL,114,36,9,162,BL,,ÅZ,,,L16-457
OM,483,BL,123,47,13,305.5,BL,,ÅZ,,,J18-483
OM,527,BL,106,32,21,336,BL,,ÅZ,,,L17-527
OM,539,BL,84,15,5,37.5,BL,,ÅZ,,,J19-539
OM,560,BL,108,33,15,247.5,BL,,ÅZ,,,K18-560
OM,594,BL,86,23,11,126.5,BL,,ÅZ,,,L17-594
OM,623,BL,119,39,13,253.5,BL,,ÅZ,,,J19-623
OM,667,BL,92,22,12,132,BL,,ÅZ,,,L17-667
OM,724,BL,65,24,6,72,BL,,ÅZ,,,L18-724
OM,727,BL,56.5,26,6,78,BL,,ÅZ,,,L18-727
TM,60,BL,35.7,16.8,6.7,56.28,BL,,,,,
TM,61,BL,45.8,18.1,4.9,44.345,BL,,,,,
TM,62,BL,52.7,26.9,4.5,60.525,BL,,,,,
TM,65,BL,76.5,31.3,8.3,129.895,BL,,ÅZ,,,c_131TMBL_65
TM,66,BL,77.3,20.8,7.4,76.96,BL,,ÅZ,,,c_132TMBL_66
TM,67,BL,81.6,26.9,6.8,91.46,BL,,ÅZ,,,c_133TMBL_67
TM,68,BL,86.1,26.2,10.4,136.24,BLU,,ÅZ,,,c_A134TMBL_68
TM,73,BL,41.8,12.9,3.1,19.995,BL,,,,,
TM,81,BL,51.2,27.8,9.4,130.66,BL,,,,,
TM,82,BL,71.6,22.2,12.2,135.42,BL,,ÅZ,,,c_135TMBL_82
TM,83,BL,69.5,13,16.6,107.9,BL,,,,,
TM,84,BL,99.1,26.8,7.9,105.86,BLU,,ÅZ,,,c_A136TMBL_84
TM,85,BL,85.9,35.6,9.2,163.76,BLU,,ÅZ,,,c_A137TMBL_85
TM,86,BL,117.4,39.3,11.4,224.01,BLU,,ÅZ,,,c_A138TMBL_86
TM,87,BL,146.2,37.5,17.2,322.5,BL,,ÅZ,,,c_139TMBL_87
TM,88,BL,127.1,36.7,20.2,370.67,BL,,,,,
TM,89,BL,109.9,38.7,16.3,315.405,BLU,,,,,
TM,95,BL,91.3,38.4,16.1,309.12,BL,,ÅZ,,,c_141TMBL_95
TM,94,BL,70.7,32,8.8,140.8,BL,,ÅZ,,,c_140TMBL_94
TM,1,KN,90.6,20.8,9.2,95.68,KNC,ÅZ,ÅZ,0.003312454,68270,f_157TMKN1
TM,2,KN,82.4,23.8,9.6,114.24,KNC,ÅZ,ÅZ,0.003514437,71913,f_158TMKN2
TM,3,KN,90.8,16.3,9.6,78.24,KNC,,ÅZ,,,f_159TMKN3
TM,4,KN,92.7,21,14.5,152.25,KNC,,ÅZ,,,f_160TMKN4
TM,5,KN,85,20.4,9.6,97.92,KNC,ÅZ,ÅZ,0.00267757,54835,f_161TMKN5
TM,6,KN,70.3,25.2,6.8,85.68,KN,,ÅZ,,,f_N162TMKN6
TM,7,KN,105.6,29.3,14.6,213.89,KNC,ÅZ,ÅZ,0.004959467,102658,f_163TMKN7
TM,9,KN,147.2,23.4,12.3,143.91,KNC,ÅZ,ÅZ,0.006360161,132290,f_165TMKN9
TM,10,KN,72,23.4,12.7,148.59,KNC,ÅZ,ÅZ,0.002684836,54248,f_166TMKN10
TM,11,KN,78,26.5,10.5,139.125,KNC,,ÅZ,,,f_167TMKN11
TM,12,KN,87.1,25.7,7,89.95,KN,ÅZ,ÅZ,0.002792197,51758,f_168TMKN12
TM,13,KN,111.2,32.3,12.3,198.645,KNC,,ÅZ,,,f_169TMKN13
TM,14,KN,93,27.7,6.4,88.64,KNC,ÅZ,ÅZ,0.003578342,69144,f_170TMKN14
TM,15,KN,89.5,35.8,12.4,221.96,KNC,ÅZ,ÅZ,0.004416651,84143,f_171TMKN15
TM,16,KN,99.5,35.5,12.6,223.65,KNC,ÅZ,ÅZ,0.005016379,104184,f_172TMKN16
TM,17,KN,124.5,34.3,11.4,195.51,KNC,ÅZ,ÅZ,0.006458022,138531,f_N176TMKN17
TM,30,KN,90.2,24.4,11.4,139.08,KNC,,ÅZ,,,f_174TMKN30
TM,31,KN,124.9,31.3,10.6,165.89,KNC,ÅZ,ÅZ,0.006261156,121643,f_175TMKN31
TM,41,ES,62,21.7,13.5,146.475,ES,,ÅZ,,,e_143TMeS-41-100
TM,42,ES,56.5,31.2,12.9,201.24,ESAB,,ÅZ,,,e_AB144TMeS-42-100
TM,43,ES,83.1,27.2,18.1,246.16,ESAB,,ÅZ,,,e_AB145TMeS-43-100
TM,44,ES,92.8,34.6,16.3,281.99,ESA,,ÅZ,,,e_A146TMeS-44-100
TM,45,ES,86.2,36.6,21.3,389.79,ESAB,,ÅZ,,,e_AB147TMeS-45-100
TM,46,ES,103,32.3,12.2,197.03,ESAB,,ÅZ,,,e_AB148TMeS-46-100
TM,47,ES,60.9,25.2,9.9,124.74,ESAB,,ÅZ,,,e_AB149TMeS-47-100
TM,48,ES,72,24.8,9,111.6,ESA,,ÅZ,,,e_A150TMeS-48-100
TM,49,ES,98.1,34,17.4,295.8,ES,,ÅZ,,,e_151TMeS-49-100
TM,50,ES,103.9,39.9,14.1,281.295,ESAB,,ÅZ,,,e_AB152TMeS-50-100
TM,51,ES,107.7,39,18.4,358.8,ESA,,ÅZ,,,e_A153TMeS-51-100
TM,52,ES,93.9,48.8,29.9,729.56,ES,,ÅZ,,,e_154TMeS-52-100
TM,53,ES,113.6,40.3,20.7,417.105,ESA,,ÅZ,,,e_A155TMeS-53-100
TM,54,ES,118,40.4,14.9,300.98,ESAB,,ÅZ,,,e_AB156TMeS-54-100
SZ,RQ492,KN,128.23,55.6,20.3,564.34,KND,ÅZ,ÅZ,0.011248509,249068,U-SZ1-492
SZ,RQ486,KN,112,38.3,9.8,187.67,KND,,ÅZ,,,U-SZ20-486
SZ,RQ454,KN,110.9,23.9,11.6,138.62,KN,ÅZ,ÅZ,0.004972658,83293,SZ5-454
SZ,RQ35,KN,108.7,38.9,10,194.5,KND,ÅZ,ÅZ,0.006345418,136539,U-SZ2-35
SZ,RQ432+491,KN,108.3,24.2,10.9,131.89,KND,,ÅZ,,,U-SZ7-432
SZ,RQ463+464,KN,99.9,28.4,12.8,181.76,KND,,ÅZ,,,U-SZ6-463464
SZ,RQ367,KN,96.5,32.8,11.5,188.6,KND,ÅZ,ÅZ,0.005329684,105577,U-SZ19-367
SZ,RQ384,KN,92.1,33.1,7.6,125.78,KND,ÅZ,ÅZ,0.004857759,100407,U-SZ3-384
SZ,RQ455,KN,88.5,33.6,12.4,208.32,KND,ÅZ,ÅZ,0.004891348,104227,U-SZ16-455
SZ,RQ510,KN,89.4,32,12.5,200,KN,ÅZ,ÅZ,0.004578952,96678,SZ17-510
SZ,RQ551,KN,87.57,28.77,12.2,175.497,KN,,,,,
SZ,RQ187,KN,83.63,32.32,12.72,205.5552,KN,,,,,
SZ,RQ289,KN,69.9,29.9,8.8,131.56,KNIF2,ÅZ,ÅZ,0.003345014,69876,U-SZ11-289
SZ,RQ459,KN,75.1,32,9.6,153.6,KN,ÅZ,ÅZ,0.003839642,81022,SZ18-459
SZ,RQ228+516,KN,79.2,32.6,8,130.4,KN,,ÅZ,,,SZ8-228516
SZ,RQ568,KN,59.5,38.4,10,192,KN,,ÅZ,,,SZ14-568
SZ,RQ591,KN,74.02,26.9,12.93,173.9085,KN,,ÅZ,,,SZ23-591
SZ,RQ579,KN,66.8,24,9.8,117.6,KND,ÅZ,ÅZ,0.002824469,61302,U-SZ9-579
SZ,RQ482,KN,64.8,32.1,13.5,216.675,KN,ÅZ,ÅZ,0.002979223,64711,SZ15-482
SZ,RQ239,KN,58.1,20.7,8,82.8,KN,,,,,
SZ,RQ509Åõ,KN,74.02,21.06,9.38,98.7714,KN,,,,,
SZ,1002RQ327,KN,68.6,18.56,6.46,59.9488,KN,,,,,
SZ,RQ357Åõ,KN,97.16,18.77,12.72,119.3772,KN,,ÅZ,,,SZ22-357
SZ,RQ242,KN,74.3,21.8,6.5,70.85,KNIF2,,,,,
SZ,RQ233,KN,76.94,27.31,7.09,96.81395,KN,,,,,
SZ,RQ69,KN,93.33,32.2,8,128.8,KN,ÅZ,ÅZ,0.004486688,88391,SZ4-69
SZ,RQ8613,KN,75,17,5,42.5,KN,ÅZ,ÅZ,0.002279614,49824,SZ25-8613
SZ,RQ390,KN,84.5,26,11.4,148.2,KN,ÅZ,ÅZ,0.003667372,79628,
SZ,RQ294,KN,79.5,24.4,5.8,70.76,KN,ÅZ,ÅZ,0.003740799,75749,
SZ,RQ318,KN,69.3,19.9,12.2,121.39,KN,,,,,
SZ,RQ580,KN,59.1,20.3,7,71.05,KN,ÅZ,ÅZ,0.00175375,36963,SZ12-580
SZ,RQ558,KN,101.8,35,12.2,213.5,KN,ÅZ,ÅZ,0.005759129,127818,SZ21-558
SZ,RQ474,KN,105.6,37.2,9.2,171.12,KND,,,,,
SZ,RQ534,BL,104.8,25.5,9,114.75,BL,,ÅZ,,,SZBL6-534
SZ,RQ369,BL,51,21.4,9.2,98.44,BLD,,ÅZ,,,SZBL30-369
SZ,RQ45,BL,121.8,31.7,10.5,166.425,BLD,,ÅZ,,,W-SZBL3-45
SZ,RQ219,BL,95,38,14,266,BL,,ÅZ,,,SZBL24-219
SZ,RQ241,BL,41,22,14,154,BL,,ÅZ,,,SZBL32-241
SZ,RQ389,BL,80.8,36,7.8,140.4,BLD,,,,,
SZ,RQ433,BL,70.9,25.9,8.4,108.78,BLD,,ÅZ,,,W-SZBL25-433
SZ,RQ474,BL,107,38,13,247,BL,,ÅZ,,,SZBL5-474
SZ,RQ461,BL,67,29,8,116,BL,,ÅZ,,,SZBL13-461
SZ,RQ410,BL,66.5,25.6,6.3,80.64,BLD,,,,,
SZ,RQ317,BL,30.6,30.1,10.8,162.54,BLD,,ÅZ,,,W-SZBL4-317
SZ,RQ297,BL,128.85,33.78,17.51,295.7439,BL,,ÅZ,,,SZBL1-297
SZ,RQ234,BL,65,25,10,125,BL,,ÅZ,,,SZBL28-234
SZ,RQ227,BL,121.76,35.03,13.34,233.6501,BL,,ÅZ,,,SZBL2-227
SZ,RQ441,BL,107.38,31.07,8.2,127.387,BL,,ÅZ,,,SZBL7-441
SZ,RQ346,BL,105.92,29.61,12.3,182.1015,BL,,ÅZ,,,SZBL8-346
SZ,RQ460,BL,105.29,32.11,10.43,167.45365,BL,,ÅZ,,,SZBL20-460
SZ,RQ472,BL,104.46,35.24,11.68,205.8016,BL,,ÅZ,,,SZBL19-472
SZ,RQ569,BL,102.79,18.56,9.59,88.9952,BL,,ÅZ,,,SZBL21-569
SZ,RQ409,BL,95.49,35.86,10.22,183.2446,BL,,ÅZ,,,SZBL22-409
SZ,RQ420,BL,94.24,35.24,8.76,154.3512,BL,,,,,
SZ,RQ428,BL,82,28,17,238,BL,,ÅZ,,,SZBL26-428
SZ,RQ1003,BL,91.95,28.15,7.51,105.70325,BL,,,,,
SZ,RQ74+264,BL,104.04,37.74,10.63,200.5881,BL,,ÅZ,,,SZBL11-74264
SZ,RQ535,BL,88.61,31.48,12.51,196.9074,BL,,ÅZ,,,SZBL10-535
SZ,RQ484,BL,89.24,37.74,11.88,224.1756,BL,,ÅZ,,,SZBL9-484
SZ,RQ465,BL,90.7,44.83,16.89,378.58935,BL,,,,,
SZ,RQ475,BL,87.78,27.52,10.63,146.2688,BL,,ÅZ,,,SZBL12-475
SZ,RQ38,BL,75.89,26.69,8.55,114.09975,BL,,ÅZ,,,SZBL29-38
SZ,RQ394,BL,72.77,21.89,8.34,91.2813,BL,,ÅZ,,,SZBL15-394
SZ,RQ378,BL,69.85,31.28,10.22,159.8408,BL,,ÅZ,,,SZBL14-378
SZ,RQ322,BL,67.14,27.52,9.38,129.0688,BL,,,,,
SZ,RQ323,BL,70,30,15,225,BL,,ÅZ,,,SZBL16-323
SZ,RQ326,BL,66.51,26.06,7.3,95.119,BL,,,,,
SZ,RQ234,BL,67.14,25.23,8.76,110.5074,BL,,,,,
SZ,RQ149,BL,64.22,29.4,11.68,171.696,BL,,ÅZ,,,SZBL17-149
SZ,RQ592,BL,64.84,19.39,6.67,64.66565,BL,,ÅZ,,,SZBL35-592
SZ,RQ285,BL,61.72,36.9,10.22,188.559,BL,,ÅZ,,,SZBL34-285
SZ,RQ513,BL,56.5,22.73,5.84,66.3716,BL,,,,,
SZ,RQ368,BL,57.75,21.27,10.84,115.2834,BL,,,,,
SZ,RQ494,BL,54,23.35,5.84,68.182,BL,,,,,
SZ,RQ523,BL,49.83,18.35,6.46,59.2705,BL,,ÅZ,,,SZBL31-523
SZ,RQ424,BL,49.83,17.51,10.01,87.63755,BL,,,,,
SZ,RQ381,BL,43.58,19.81,6.67,66.06635,BL,,ÅZ,,,SZBL18-381
IZ,1,KN,75,26.8,6.9,92.46,KN,,ÅZ,,,z-IZ-A
IZ,2,KN,52,24.2,6,72.6,KN,,ÅZ,,,z-IZ-B
IZ,3,KN,76,22.6,10.6,119.78,KN,,ÅZ,,,z-IZ-C
IZ,4,KN,69,35.9,13,233.35,KN,,ÅZ,,,z-IZ-D
IZ,5,KN,73,38.6,12,231.6,KN,,ÅZ,,,z-IZ-E
IZ,6,KN,54,23.2,8,92.8,KN,,ÅZ,,,z-IZ-F
IZ,13,BL,69,28.4,9,127.8,BL,,ÅZ,,,z-IZ1
IZ,14,BL,44,18.2,7.6,69.16,BL,,ÅZ,,,z-IZ5
IZ,15,BL,68,37,8,148,BL,,ÅZ,,,z-IZ6
IZ,16,BL,54,27.5,5.9,81.125,BL,,ÅZ,,,z-IZ6-126
IZ,17,BL,59,24,9.8,117.6,BL,,ÅZ,,,z-IZ8
IZ,18,BL,54.1,27,8.9,120.15,BL,,ÅZ,,,z-IZ8-13
IZ,19,BL,52,30,9.9,148.5,BL,,ÅZ,,,z-IZ8-18
IZ,20,BL,44.5,25,9,112.5,BL,,ÅZ,,,z-IZ8-22
IZ,21,BL,54,28.5,8.2,116.85,BL,,ÅZ,,,z-IZ8-24
IZ,22,BL,46,21,7,73.5,BL,,ÅZ,,,z-IZ9-28
IZ,23,BL,50.5,26,12.8,166.4,BL,,ÅZ,,,z-IZ9-29
IZ,24,BL,62,28,13.2,184.8,BL,,ÅZ,,,z-IZ9-31
IZ,25,BL,40,26,8.6,111.8,BL,,ÅZ,,,z-IZ9-32
IZ,26,BL,39,22,4,44,BL,,ÅZ,,,z-IZ9-33
IZ,27,BL,38,18,7,63,BL,,ÅZ,,,z-IZ9-34
IZ,28,BL,74,18,8,72,BL,,ÅZ,,,z-IZ9-36
IZ,29,BL,78.8,23,6.4,73.6,BL,,ÅZ,,,z-IZ9-37
IZ,30,BL,74.2,38,11.5,218.5,BL,,ÅZ,,,z-IZ9-38
IZ,31,BL,77.5,26,12.8,166.4,BL,,ÅZ,,,z-IZ9-39
IZ,32,BL,71,24,9,108,BL,,ÅZ,,,z-IZ10
IZ,33,BL,70.8,20,8.1,81,BL,,ÅZ,,,z-IZ10-40
IZ,34,BL,66,34,11,187,BL,,ÅZ,,,z-IZ10-42
IZ,35,BL,64,33.9,11.2,189.84,BL,,ÅZ,,,z-IZ10-44
IZ,36,BL,62,22.5,11,123.75,BL,,ÅZ,,,z-IZ10-45
IZ,37,BL,80.1,26,18,234,BL,,ÅZ,,,z-IZ10-46
IZ,38,BL,74,26.5,12,159,BL,,ÅZ,,,z-IZ10-47
IZ,39,BL,65.2,19,7,66.5,BL,,ÅZ,,,z-IZ10-49
IZ,40,BL,76,24.2,12,145.2,BL,,ÅZ,,,z-IZ10-50
IZ,42,BL,64.2,16,8.2,65.6,BL,,ÅZ,,,z-IZ10-51
IZ,43,BL,62,20,8,80,BL,,ÅZ,,,z-IZ10-52
IZ,44,BL,62.2,30,6,90,BL,,ÅZ,,,z-IZ10-53
IZ,45,BL,68,28,8,112,BL,,ÅZ,,,z-IZ10-54
IZ,46,BL,48,22,5,55,BL,,ÅZ,,,z-IZ11-55
IZ,47,BL,45,19,10,95,BL,,ÅZ,,,z-IZ11-56
IZ,48,BL,67,32,12.3,196.8,BL,,ÅZ,,,z-IZ11-59
IZ,49,BL,48,16.5,8.2,67.65,BL,,ÅZ,,,z-IZ11-60
IZ,50,BL,60,32,9,144,BL,,ÅZ,,,z-IZ11-61
IZ,51,BL,57,20.5,7.9,80.975,BL,,ÅZ,,,z-IZ11-62
IZ,52,BL,64,19.8,7.8,77.22,BL,,ÅZ,,,z-IZ11-63
IZ,53,BL,50,14,5,35,BL,,ÅZ,,,z-IZ13
IZ,54,BL,49,23,8,92,BL,,ÅZ,,,z-IZ14
IZ,55,BL,42,24,11,132,BL,,ÅZ,,,z-IZ15
IZ,56,BL,66,19,5,47.5,BL,,ÅZ,,,z-IZ18
IZ,57,BL,48,36,12,216,BL,,ÅZ,,,z-IZ18-2
IZ,58,BL,46.5,18,6,54,BL,,ÅZ,,,z-IZ18-3
IZ,59,BL,54,21,7,73.5,BL,,ÅZ,,,z-IZ19
IZ,60,BL,80,28.2,11,155.1,BL,,ÅZ,,,z-IZ19-2
IZ,61,BL,66,20,5.8,58,BL,,ÅZ,,,z-IZ19-3
IZ,62,BL,66,32.5,6.2,100.75,BL,,ÅZ,,,z-IZ19-4
IZ,63,BL,72,30,9,135,BL,,ÅZ,,,z-IZ19-5
IZ,64,BL,74,28,40,560,BL,,ÅZ,,,z-IZ19-6
IZ,65,BL,68,28,9,126,BL,,ÅZ,,,z-IZ20
IZ,67,BL,54,17.8,7,62.3,BL,,ÅZ,,,z-IZ21-15
IZ,68,BL,40,22,6.8,74.8,BL,,ÅZ,,,z-IZ21-16
IZ,70,BL,45,21,7,73.5,BL,,ÅZ,,,z-IZ21-17
IZ,71,BL,42,22,6,66,BL,,ÅZ,,,z-IZ22-12
IZ,73,BL,54,20,6.4,64,BL,,ÅZ,,,z-IZ22-13
IZ,74,BL,40,21,3.8,39.9,BL,,ÅZ,,,z-IZ22-14
IZ,76,BL,85,29,16,232,BL,,ÅZ,,,z-IZ24-9
IZ,77,BL,106,30,15.5,232.5,BL,,ÅZ,,,z-IZ24-10
IZ,78,BL,138,26,16,208,BL,,ÅZ,,,z-IZ24-11
IZ,79,BL,123,22,12,132,BL,,ÅZ,,,z-IZ25-3
IZ,80,BL,46,12,6,36,BL,,ÅZ,,,z-IZ25-4
IZ,81,BL,54,21,7,73.5,BL,,ÅZ,,,z-IZ25-5
IZ,82,BL,81,25,10,125,BL,,ÅZ,,,z-IZ25-6
IZ,83,BL,70,22,8,88,BL,,ÅZ,,,z-IZ27
IZ,84,BL,89,23,22,253,BL,,ÅZ,,,z-IZ27-10
IZ,85,BL,66,29,9,130.5,BL,,ÅZ,,,z-IZ27-11
IZ,86,BL,72,20,9,90,BL,,ÅZ,,,z-IZ27-12
IZ,87,BL,54,14,5,35,BL,,ÅZ,,,z-IZ29-2
IZ,88,BL,99,23,8,92,BL,,ÅZ,,,z-IZ29-3
IZ,89,BL,44,21,11,115.5,BL,,ÅZ,,,z-IZ29-4
IZ,90,BL,66,21,5,52.5,BL,,ÅZ,,,z-IZ29-6
IZ,91,BL,77,32,8,128,BL,,ÅZ,,,z-IZ29-7
IZ,92,BL,55,23,9,103.5,BL,,ÅZ,,,z-IZ29-8
IZ,93,BL,42,22,7,77,BL,,ÅZ,,,z-IZ29-9
IZ,94,BL,68,19,7,66.5,BL,,ÅZ,,,z-IZ78
